"Site","Year","ID","Ring","Tag","Sex","Birth","Status","class","Repeat","deployAge","gen","env","pop","deployBreedStatus","winterLongitude","winterLatitude","iblon","iblat","awestlon","awestlat","pslon","pslat","deployAD_J","deployFED_J","deployHatch_J","breedDeparture_J","FAC_EndJ","winterArrival_J","ISC_Jy","breedArrival_Jy","returnAD_Jy","returnFED_Jy","returnHatch_Jy"
"Vomb",2018,"BN755","DA.64338","P30","M",2017,"recruit","SE-SE","N",2,"SE","SE","Sweden","breeding",-12.70813164,10.43643889,-5.80472833461024,41.5122250305473,-16.8326306178382,32.5573811597041,-7.19642313202409,40.148478982756,124.5,155,173,228,259,278,470,NA,489.5,520,535
"Vomb",2019,"BT327","DA.65814","P30","M",2018,"recruit","SE-SE","N",2,"SE","SE","Sweden","unpaired/non-breeding",-11.27929327,7.111185305,-5.7298718067676,42.1377911815728,-16.0761039315197,29.2844141221931,-8.32029870927648,31.5842382612719,145.5,NA,NA,215,239,248,463,483,510.5,499,517
"Vomb",2019,"BT335","DA.64534","P30","M",2018,"recruit","SE-SE","N",2,"SE","SE","Sweden","unpaired/non-breeding",-10.62419555,11.01012744,-6.70771240783758,35.7222441194126,-18.1971461775347,30.7726192065417,-4.41478497108876,34.2054807640129,133.5,NA,NA,209,255,263,475,495,498.5,NA,NA
"Vomb",2019,"BT886","DA.64496","P30","F",2018,"recruit","SE-SE","N",2,"SE","SE","Sweden","breeding",-11.40107127,12.49045401,-3.78472030703856,35.0317896218565,-16.5739832754932,33.4168562167395,-2.26173100800516,33.3758949762562,128.5,136,155,226,264,271,470,487,493.5,495,517
"Vomb",2019,"BT309","DA.65936","P30","M",2018,"recruit","SE-SE","N",2,"SE","SE","Sweden","unpaired/non-breeding",-12.90574938,8.010117642,-7.78702969605366,36.1738521529207,-15.0089600278605,24.8167175597264,-5.01535554752184,34.2383371395217,161,NA,NA,225,255,270,477,496,526,504,524
"Vomb",2019,"BT310","DA.64728","P30","M",2018,"recruit","SE-SE","N",2,"SE","SE","Sweden","unpaired/non-breeding",-13.23043826,10.36005007,-8.13498526285268,41.7001672113317,-17.6583143833419,40.3692649095505,0.609696658178216,42.78392262668,152.5,NA,NA,226,277,283,482,492,517.5,NA,NA
"Vomb",2019,"BT318","DA.65982","P30","M",2018,"recruit","SE-SE","N",2,"SE","SE","Sweden","unpaired/non-breeding",-10.00059211,9.524719158,0.959300832841419,47.859272088265,-15.2918359035573,26.8210216194598,11.092115083675,45.0524079718335,127.5,NA,NA,223,247,260,478,494,492.5,508,526
"Vomb",2020,"BY276","DA.64586","P30","M",2018,"recruit","SE-SE","N",3,"SE","SE","Sweden","breeding",-11.72473266,9.761893416,-6.7573928301255,40.9487808986899,-14.7460776796014,23.3128687151628,-3.56021575367544,34.3268044289677,122,140,159,227,266,268,470,492,487,503,523
"Vomb",2020,"BY618","DA.64492","P30","M",2018,"recruit","SE-SE","N",3,"SE","SE","Sweden","breeding",-11.50671989,7.573827486,-6.76286979515216,42.235575038153,-15.1130975002156,36.2437014926628,-6.32849159814763,37.8467616312484,118.5,132,152,220,243,249,464,486,483.5,497,524
"Vomb",2020,"BY620","DA.64500","P30","M",2018,"recruit","SE-SE","N",3,"SE","SE","Sweden","breeding",-6.652654057,7.582997553,-6.45974685945587,42.320455231195,-15.253434179134,33.1506868984855,-4.88376010794182,35.2111263855355,107.5,134,153,216,243,256,460,487,472.5,503,522
"Vomb",2020,"BY619","DA.64717","P30","M",2018,"recruit","SE-SE","N",3,"SE","SE","Sweden","breeding",-11.2556507,9.82791231,-7.43766495365789,30.802082502126,-15.2101987876334,18.029369950112,-6.79410833115619,30.2458792061754,123.5,131,151,225,266,268,473,495,488.5,NA,NA
"Vomb",2019,"BU515","DA.64661","P30","F",2019,"juvenile","SE-SE","N",1,"SE","SE","Sweden","juvenile",-10.89030659,6.596143356,-1.38524399788881,48.4167318466721,-17.4390373385578,28.7668837536745,2.39174569140486,44.2026808085282,NA,NA,NA,237,265,285,493,508,NA,503,523
"Vomb",2019,"BU478","DA.64654","P30","F",2019,"juvenile","SE-SE","N",1,"SE","SE","Sweden","juvenile",-12.78151165,8.751514304,-7.94984403969379,29.4838535567869,-15.16893750538,12.2424338228398,2.96445108727301,35.77830440013,NA,NA,NA,232,268,269,474,497,NA,505,NA
"Vomb",2020,"BY611","DA.64716","P30","F",2018,"recruit","SE-SE","N",3,"SE","SE","Sweden","breeding",-10.0478379,10.394357,-1.63916051978386,43.8016898442,-15.689748689252,41.7784276790758,-2.72400463768993,35.8314651302545,119.5,135,159,231,270,277,471,480,484.5,501,NA
"Vomb",2020,"BY610","CZ.05294","P30","F",2017,"recruit","SE-SE","N",4,"SE","SE","Sweden","breeding",-14.85180204,11.03147503,-8.65423578214869,42.4071322271439,-17.4618715324003,16.9001843669901,-0.146626166262099,40.5223497738845,127,136,155,225,267,267,489,507,492,513,530
"Norway",2012,"2935","2H59886","W50","M",2009,"recruit",NA,"N",4,NA,NA,"Norway","breeding",-13.54433034,9.659171117,-7.99320433268581,43.082780984519,-15.0671567375344,11.3922810225965,-7.90192148099239,32.1219772559453,140,144,162,236,287,289,470,NA,505,511,528
"Tomsk",2015,"U814","01808","W50","M",NA,"immigrant",NA,"N",NA,NA,NA,"Tomsk","breeding",14.54214107,2.848717567,-6.51338430782315,30.8867250346787,-16.6963515962594,15.1280252231242,14.0587896460418,25.1516430116994,NA,153,NA,230,303,337,452,486,NA,508,NA
"Tomsk",2015,"U818","01720","W50","M",NA,"immigrant",NA,"N",NA,NA,NA,"Tomsk","breeding",19.89818012,9.068152111,-6.95630952097368,53.2184815905396,-11.010541008603,27.3857300972129,8.80962459006884,33.6643846150502,NA,152,NA,228,283,302,468,NA,NA,514,NA
"Tomsk",2015,"U819","01811","W50","M",NA,"immigrant",NA,"N",NA,NA,NA,"Tomsk","breeding",19.46320043,9.688226572,-2.99845578035904,67.0840354935248,-14.2709629356909,20.8378570695171,23.0677819944557,37.9187003318577,NA,153,NA,235,288,315,472,500,NA,508,NA
"Tomsk",2015,"U824","01341","W50","M",NA,"immigrant",NA,"N",NA,NA,NA,"Tomsk","breeding",15.33062531,5.414167831,-3.88458498461655,28.5268126285113,-15.39871189667,16.1170342157589,10.616567444662,36.1937576940386,NA,145,NA,224,277,296,470,498,NA,510,NA
"Tomsk",2015,"U826","01613","W50","M",NA,"immigrant",NA,"N",NA,NA,NA,"Tomsk","breeding",12.8394168,6.381966027,-6.6688684874892,58.1573269833424,-12.2390194376745,28.9284162781067,14.3388701453327,31.7828689916662,NA,148,NA,228,281,298,466,NA,NA,513,NA
"Tomsk",2015,"U839","01506","W50","M",NA,"immigrant",NA,"N",NA,NA,NA,"Tomsk","breeding",18.21363128,7.170797486,-7.29081368963783,24.4607974484725,-17.3742998479424,14.072134801676,34.4034311646195,50.1276313370986,NA,148,NA,227,277,297,471,NA,NA,510,NA
"Ural",2017,"BG192","VP.16940","W50","M",2016,"recruit",NA,"N",2,NA,NA,"Ural","breeding",9.195511887,4.093563298,-5.80586725773477,37.8525302034372,-17.6354021348546,12.3647588791647,26.8662850971156,44.1337139073988,NA,153,171,230,296,329,468,484,NA,514,535
"Moscow",2020,"BW301","VC.00227","P30","M",NA,"immigrant",NA,"N",NA,NA,NA,"Moscow","breeding",-4.405705107,9.259115066,0.0382451257202868,44.8789065490464,-15.8876396417271,23.8065056098971,-1.57059492371539,34.521678633352,NA,142,161,220,254,265,467,NA,NA,534,550
"Moscow",2020,"BW313","VC.00099","P30","M",NA,"immigrant",NA,"N",NA,NA,NA,"Moscow","breeding",-6.754876086,9.951783364,-7.24121920586916,33.9103491902666,-16.5871245764877,21.6199615840231,3.64745169591912,33.8541055265674,NA,132,156,226,270,272,463,487,NA,519,537
"Moscow",2020,"BW322","VC.23461","P30","M",NA,"immigrant",NA,"N",NA,NA,NA,"Moscow","breeding",-9.514717655,9.088931204,-7.30904297240798,41.1725130129046,-14.7687486378413,50.7353186843228,3.04211936033532,34.8767819101335,NA,139,157,225,270,281,464,491,NA,503,521
"Moscow",2020,"BW329","KA.07999  ","P30","M",NA,"immigrant",NA,"N",NA,NA,NA,"Moscow","breeding",12.7426662,5.95890454,-5.53992923571412,39.9020778373099,-14.662042065559,31.7065807169857,10.0925419595989,33.1613573640413,NA,132,151,216,242,267,467,492,NA,505,523
"Spain",2015,"U657","MV9465","W50","M",2013,"recruit",NA,"N",3,NA,NA,"Spain","breeding",-16.12865127,11.91250077,-3.78853272900004,42.1097968765279,-17.2185729666536,21.1272181534442,NA,NA,NA,132,150,223,247,264,NA,NA,NA,503,521
"Spain",2015,"U668","MV9574","W50","M",2013,"recruit",NA,"N",3,NA,NA,"Spain","breeding",-15.95976727,11.71120585,-7.16812767535668,41.9005391408693,-17.1874619922507,19.7769212029879,NA,NA,NA,133,150,223,238,255,NA,NA,NA,506,524
"Spain",2015,"U661","Y63012","W50","M",NA,"immigrant",NA,"N",NA,NA,NA,"Spain","breeding",-15.81203001,14.03370146,-4.00042902671707,31.6747541439301,-16.5136491550592,21.6450307961218,NA,NA,NA,134,151,221,239,257,NA,NA,NA,501,516
"Spain",2015,"U675","MX2376","W50","M",2012,"recruit",NA,"N",4,NA,NA,"Spain","breeding",-16.41318632,14.65046213,-5.47708253500309,36.7718511629682,-17.2120675132294,24.2109464564642,NA,NA,NA,135,152,218,238,241,NA,NA,NA,505,525
"Spain",2015,"U685","MX2293","W50","M",2012,"recruit",NA,"N",4,NA,NA,"Spain","breeding",-13.29374971,13.21926304,-3.52338579434439,38.41190949674,-16.0551754399301,25.4143376468035,NA,NA,NA,133,163,203,237,249,NA,NA,NA,503,521
"Spain",2015,"U667","MV9233","W50","M",2013,"recruit",NA,"N",3,NA,NA,"Spain","breeding",-14.77540863,13.64013362,-6.29541253379586,38.9903721587324,-16.7290428974749,19.0196729647402,NA,NA,NA,133,161,213,241,245,NA,NA,NA,503,522
"Dartmoor",2017,"BF894","Z135712","P30","F",2016,"immigrant",NA,"N",NA,NA,NA,"UK","",-10.97996035,8.667609124,-8.40142477801667,38.9472656094659,-15.5784504004352,35.3219175990906,NA,NA,110.5,129,148,226,252,263,480,NA,475.5,505,524
"Dartmoor",2017,"BF900","Z286611","P30","M",2015,"recruit",NA,"N",3,NA,NA,"UK","",-8.602874462,14.75982103,-6.90775790461603,37.500769109812,-15.1029728052326,21.8201414300385,-7.54601817899217,22.4502230448063,108.5,124,143,204,244,246,452,462,473.5,492,511
"Dartmoor",2017,"BF909","Z286648","P30","F",2015,"recruit",NA,"N",3,NA,NA,"UK","",-13.03625883,9.520968221,-8.20765071407574,42.3559961123204,-16.0079852341945,33.987896780069,-7.76500539203343,40.282238592491,102.5,124,143,210,245,258,458,474,467.5,493,512
"Dartmoor",2017,"BF914","Z286244","P30","M",2015,"recruit",NA,"N",3,NA,NA,"UK","",-10.61027527,7.752926298,-8.4118682178092,40.5519706291756,-16.6930725200429,23.2126078610549,-7.46161229463531,33.3442372068364,NA,123,NA,196,232,257,435,471,NA,490,510
"Dartmoor",2017,"BF918","D637611","P30","M",2014,"immigrant",NA,"N",NA,NA,NA,"UK","",-10.6732849,8.133863401,-8.4140174962552,40.2765214422958,-15.7733269922083,27.3590299412811,NA,NA,110.5,129,151,217,257,266,457,NA,475.5,495,513
"Dartmoor",2017,"BF919","AAA8704","P30","M",NA,"immigrant",NA,"R1",NA,NA,NA,"UK","",-8.863264467,8.548031344,-4.59439379880677,41.5556007618359,-13.0162185121952,30.8017406438812,-9.98887151060585,23.9434114834113,106,132,152,218,244,259,444,469,471,493,511
"Dartmoor",2017,"BF931","S845155","P30","F",NA,"immigrant",NA,"N",NA,NA,NA,"UK","",-10.99458041,11.49465864,-8.51126843422806,41.2140127727634,-16.2426911939808,28.1679458830976,NA,NA,NA,122,143,212,233,243,458,465,NA,493,513
"Dartmoor",2017,"BF935","AAA8705","P30","M",NA,"immigrant",NA,"N",NA,NA,NA,"UK","",-9.770850206,6.197175592,-7.28006665253658,41.8701505219229,-16.7303084062677,28.6929585118839,NA,NA,110.5,129,148,231,245,259,453,469,475.5,492,510
"Dartmoor",2017,"BF943","AAA8707","P30","M",NA,"immigrant",NA,"N",NA,NA,NA,"UK","",-7.994689659,5.638283733,-9.22115716726495,43.2038099089498,-16.9027466941671,34.7492252156556,-5.3089774447618,39.4082325813249,109,135,154,231,250,263,459,471,474,489,507
"Dartmoor",2017,"BF945","C437638","P30","M",NA,"immigrant",NA,"N",NA,NA,NA,"UK","",-9.044955223,7.693814721,-7.70389572316279,41.8187087883128,-17.085951540821,29.1313216811976,-6.45851309883191,34.5276209394679,102.5,124,143,225,251,272,458,471,467.5,NA,NA
"Dartmoor",2017,"BF948","Z765940","P30","M",2016,"recruit",NA,"N",2,NA,NA,"UK","",-10.57051903,8.343574562,-8.40169979476414,40.954457926026,-15.9562248842411,25.5069775883423,-5.4435573029538,41.8450710160363,108.5,124,144,207,253,263,452,472,473.5,496,513
"Dartmoor",2017,"BF957","Z286874","P30","M",2015,"recruit",NA,"N",3,NA,NA,"UK","",-10.09036683,13.46387125,-7.31327503449746,33.4984331622798,-15.9364266654862,24.2179709457726,-2.48815244560558,33.8670433217545,108.5,123,146,207,244,274,453,474,473.5,493,513
"Dartmoor",2017,"BF960","S845132","P30","F",NA,"immigrant",NA,"N",NA,NA,NA,"UK","",-10.69627153,6.625222479,-9.02188248571385,43.16186263522,-16.089252925826,35.3964931182011,-6.01112977450074,39.9659195801897,114.5,129,147,225,244,261,452,473,479.5,492,511
"Dartmoor",2017,"BF966","AAA8706","P30","M",NA,"immigrant",NA,"N",NA,NA,NA,"UK","",-10.88227193,6.492101191,-7.63826816734819,41.2037628733924,-13.7267782809373,30.8757588962801,-8.745070658754,28.872523342922,NA,129,148,187,233,273,450,471,NA,493,512
"Dartmoor",2017,"BF967","D637187","P30","M",NA,"immigrant",NA,"N",NA,NA,NA,"UK","",-10.99171414,20.48544153,-5.3254653533718,40.382581359232,-17.0803133794927,3.54403660206994,-5.28060095238125,25.8057516101124,97,125,144,215,245,265,452,464,462,495,NA
"Dartmoor",2017,"BF968","Z286302","P30","F",NA,"immigrant",NA,"N",NA,NA,NA,"UK","",-11.42097295,10.09847991,-7.60416385623127,41.1374519648044,-14.5529420175251,23.2644260540561,-7.83763428904929,32.9514903273421,112.5,129,148,205,244,261,466,483,477.5,496,513
"Dartmoor",2017,"BF973","AAA8627","P30","M",NA,"immigrant",NA,"N",NA,NA,NA,"UK","",-9.008455938,5.524048161,-8.7418182665978,42.5765898310217,-16.5449947035418,29.4801052287967,-5.18158041747123,41.1868978850386,112,127,146,216,231,253,451,472,477,495,516
"Dartmoor",2018,"BM136","Z765396","P30","M",NA,"immigrant",NA,"N",NA,NA,NA,"UK","",-10.87956779,8.344625989,-8.68703689115392,39.0889193058849,-15.787551880687,24.8428378488789,-8.39880900140657,32.2278489775165,105.5,128,148,226,252,266,446,458,470.5,492,512
"Dartmoor",2018,"BM904","S845291","P30","M",2017,"recruit",NA,"N",2,NA,NA,"UK","",-8.61520571,10.47909111,-8.19800788424699,29.8248352500437,-17.2414954449056,23.1475295992552,NA,NA,107,129,148,202,230,246,NA,NA,472,489,509
"Dartmoor",2018,"BM910","AFD3026","P30","M",NA,"immigrant",NA,"N",NA,NA,NA,"UK","",-10.61085043,10.07553767,-8.46425279524147,40.1493325142268,-15.5889916212179,26.5569121535263,-0.500245287478441,41.849667162318,NA,128,147,229,248,261,449,458,NA,484,503
"Dartmoor",2018,"BM915","Z286584","P30","M",2015,"recruit",NA,"N",4,NA,NA,"UK","",-10.58016263,10.39536165,-8.24002765210895,42.6744723482965,-15.5799392866858,30.4091429134663,-2.47267391177687,41.2522015196619,NA,124,143,217,238,255,460,467,NA,NA,NA
"Dartmoor",2018,"BM917","AAA8539","P30","M",2017,"recruit",NA,"N",2,NA,NA,"UK","",-7.719070183,4.522977196,-7.79373074935319,43.3836193338977,-15.1799167893934,35.4228234628245,1.23399239830512,46.9307111516747,NA,126,144,215,237,259,455,471,NA,492,512
"Dartmoor",2018,"BM920","Z590805","P30","M",2016,"immigrant",NA,"N",NA,NA,NA,"UK","",-11.27388017,9.124944529,-8.52268726987017,42.2618201424368,-15.0060856853717,35.6864423369159,NA,NA,102.5,130,149,207,249,266,NA,NA,467.5,490,510
"Dartmoor",2019,"BR129","AJF0715","P30","M",NA,"immigrant",NA,"N",NA,NA,NA,"UK","",-7.596565016,4.524341468,NA,NA,NA,NA,NA,NA,NA,121,140,224,NA,269,NA,NA,NA,486,NA
"Dartmoor",2019,"BT501","AJF0568","P30","F",NA,"immigrant",NA,"N",NA,NA,NA,"UK","",-10.13829059,7.739915191,-8.72368872304842,40.9991570563002,-17.2241388375194,24.9837019080447,NA,NA,NA,125,145,230,246,269,469,477,NA,514,530
"Dartmoor",2019,"BT510","AFD3431","P30","F",2018,"recruit",NA,"N",2,NA,NA,"UK","",-10.96120786,6.39465809,-8.6249622208499,32.7792380757656,-17.6024753611974,20.7338648671893,-8.68149855953734,29.1709135607976,109,124,144,230,277,288,456,481,474,482,502
"Dartmoor",2019,"BT696","S845673","P30","F",NA,"immigrant",NA,"N",NA,NA,NA,"UK","",-9.054686056,9.409902885,-7.21038316577647,41.0815794440841,-15.9617985222716,25.4410678457586,-9.008435770034,30.9693053728704,NA,124,143,219,246,273,452,482,NA,495,514
"Dartmoor",2019,"BT699","AFD3449","P30","F",2018,"recruit",NA,"N",2,NA,NA,"UK","",-10.45599374,6.202209436,-9.74705592404426,27.8599253104618,-16.2550337603483,20.1340846690996,-8.92489047760828,32.047847229732,NA,121,143,229,278,286,461,480,NA,489,510
"Dartmoor",2019,"BT703","AJF0558","P30","F",NA,"immigrant",NA,"N",NA,NA,NA,"UK","",-11.15824443,8.559578948,-8.14072448205193,40.6470026899409,-16.2529014596079,29.086567195091,-10.7812156931203,28.9008272565793,104,120,141,224,248,271,460,492,469,496,515
"Dartmoor",2019,"BT708","AJF0579","P30","F",NA,"immigrant",NA,"N",NA,NA,NA,"UK","",-10.39369117,9.392219945,-8.42926827080489,42.1258073271664,-15.9237333397983,24.0175378652347,-9.10375885991615,29.6574580375754,NA,125,145,229,246,276,457,491,NA,499,518
"Dartmoor",2019,"BT710","AJF0567","P30","F",NA,"immigrant",NA,"N",NA,NA,NA,"UK","",-9.465428308,8.912838929,-7.16266886721902,42.9749350519006,-15.9862900601372,29.1197873063894,-1.84951124719664,43.2603616935786,NA,123,144,219,242,262,453,477,NA,484,505
"Dartmoor",2019,"BT711","S845644","P30","M",NA,"immigrant",NA,"N",NA,NA,NA,"UK","",-10.26507115,9.898770045,-8.3878349859608,42.1410607282467,-15.8711145854718,31.9283003509066,-5.70416039184648,40.0621577755409,NA,124,143,224,246,252,443,NA,NA,485,504
"Dartmoor",2019,"BT712","AJF0871","P30","M",NA,"immigrant",NA,"N",NA,NA,NA,"UK","",-7.896303618,4.395697781,-5.31402672018636,50.1827166113558,-16.1891689631588,32.3526863849801,NA,NA,NA,123,144,226,242,261,452,465,NA,483,504
"Drenthe",2016,"BA259","BB.19530","W50","M",2013,"recruit","NL-NL","N",4,"NL","NL","Netherlands","breeding",-7.133873107,7.892854051,-6.59708406016755,41.2221132706139,-18.6512962454195,21.816726474469,-3.88685727442347,23.1740575946627,96.5,131,149,219,237,247,457,479,461.5,493,510
"Drenthe",2016,"BA263","AX.24520","W50","M",2012,"recruit","NL-NL","N",5,"NL","NL","Netherlands","breeding",-8.671955783,7.035856261,-5.66776682095881,43.130426939462,-15.1854972108543,22.0495089059029,-5.41978782124893,38.176599817951,103.5,128,146,220,232,241,450,466,468.5,487,507
"Drenthe",2016,"BA271","BC.17479","W50","M",NA,"immigrant","NL-NL","N",NA,"NL","NL","Netherlands","breeding",-7.474111607,11.09334397,-7.45646760990429,33.6589558014605,-15.4558077015347,18.8205258386043,-5.96082124578375,25.6675421071811,110.5,129,147,220,243,251,452,467,475.5,491,511
"Drenthe",2016,"BA274","AT.61923","W50","M",2010,"recruit","NL-NL","N",7,"NL","NL","Netherlands","breeding",-7.412945538,10.27134792,-6.68500371159587,38.2962189060225,-15.6752807257637,25.0378032314182,-0.443080799016709,42.6736957852576,97,131,149,221,239,249,451,466,462,NA,NA
"Drenthe",2016,"BA275","bb.18702","W50","M",2013,"recruit","NL-NL","N",4,"NL","NL","Netherlands","breeding",-6.309958357,5.260798909,-6.68662575678602,42.7132989561673,-14.3145871505032,30.5593544321536,-7.01745729160403,40.4463382704721,99,126,145,218,235,247,450,466,464,490,508
"Drenthe",2016,"BA299","BB.20940","P50","M",NA,"immigrant","NL-NL","N",NA,"NL","NL","Netherlands","breeding",-7.350694273,6.301700553,-9.11284721688465,43.1548261214478,-14.068630753621,28.1240711787792,NA,NA,108,129,147,218,239,254,NA,NA,473,521,537
"Drenthe",2016,"BA309","BB.19812","P50","M",2013,"recruit","NL-NL","N",4,"NL","NL","Netherlands","breeding",-5.47535477,5.597069645,-7.68293052580918,42.0285409214383,-14.039811193005,33.5858074943073,-7.5669942608365,40.4437526933828,100,130,148,217,243,254,451,470,465,493,511
"Drenthe",2016,"BA315","AX.24409","P50","M",2012,"recruit","NL-NL","N",5,"NL","NL","Netherlands","breeding",-6.256238919,9.703173479,-5.8802649683039,41.5705461393021,-16.0040301366422,33.1686066965912,NA,NA,107.5,128,147,225,245,249,NA,NA,472.5,499,516
"Drenthe",2017,"BG157","BC.17838","W50","M",2015,"recruit","NL-NL","N",3,"NL","NL","Netherlands","breeding",-5.921926872,9.425423829,-12.5356856754158,26.2273970678644,-15.2107188056035,16.8259770452958,-0.437402426958191,45.8071968721159,102,125,143,219,245,257,453,464,467,488,505
"Drenthe",2017,"BG185","BB.19115","W50","M",2014,"recruit","NL-NL","N",4,"NL","NL","Netherlands","breeding",-5.80789389,13.4817809,-6.58518899201688,41.018261446815,-14.8876093228542,22.5271585473002,-0.165937234643692,27.5261158519053,103.5,124,142,216,232,246,458,472,468.5,NA,NA
"Drenthe",2017,"BG198","BB.20323","W50","M",2013,"recruit","NL-NL","N",5,"NL","NL","Netherlands","breeding",-6.855286562,11.41905993,-4.26758356239192,41.0505513255817,-13.7323635737143,18.4075501703538,1.57906563442423,31.3890278072724,NA,123,142,211,234,243,453,473,NA,487,NA
"Drenthe",2017,"BG220","BE.45167","P50","M",2015,"recruit","NL-NL","N",3,"NL","NL","Netherlands","breeding",-6.243608788,6.31065317,-8.0464178940573,40.6093038833733,-15.975307502482,33.9016859019072,-4.99207574613278,34.6966425135952,121.5,130,148,217,246,259,458,477,486.5,488,508
"Drenthe",2017,"BG244","BC.16429","P50","M",2015,"recruit","NL-NL","N",3,"NL","NL","Netherlands","breeding",-5.68736323,6.196545877,-7.82963811597991,42.5358769217402,-14.7796948735998,35.6086352024829,23.8575480747205,40.9751685292092,110,128,146,208,245,254,444,471,475,NA,NA
"Drenthe",2018,"BN327","BB.20694","P30","F",2014,"recruit","NL-NL","N",5,"NL","NL","Netherlands","breeding",-5.352212536,7.645377458,-7.97332274794207,38.8779157271763,-15.1181914964069,26.7825843942735,7.92823847652112,48.342653226081,115,125,142,211,223,228,456,NA,480,488,506
"Drenthe",2018,"BN330","BB.97109","P30","M",2016,"recruit","NL-NL","N",3,"NL","NL","Netherlands","breeding",-6.275395613,8.046343646,-8.26098888033692,39.2257276671183,-16.0291281243335,28.7541547086702,NA,NA,110,122,141,205,223,232,NA,NA,475,NA,NA
"Drenthe",2018,"BN336","BB.18718","P30","M",2013,"recruit","NL-NL","N",6,"NL","NL","Netherlands","breeding",-4.074797131,14.73775475,-7.53924634379191,38.6433970116629,-15.5537399331369,26.3378714057082,6.53616015886691,30.8817265509025,100.5,126,145,213,230,235,449,474,465.5,NA,NA
"Drenthe",2018,"BN340","BC.16500","P30","M",2015,"recruit","NL-NL","N",4,"NL","NL","Netherlands","breeding",-8.308372276,5.820103534,-7.41179371755179,43.0391540208564,-15.2068973733188,34.3182075686118,NA,NA,101,122,142,211,237,245,NA,473,466,483,504
"Drenthe",2018,"BN343","BC.17253","P30","M",2014,"recruit","NL-NL","N",5,"NL","NL","Netherlands","breeding",-7.270465452,15.30036796,-9.04692322541977,32.2548406890598,-15.3225549242339,18.636505760629,-3.71464804947823,34.3509150915235,98,127,144,223,243,252,460,472,463,517,532
"Drenthe",2018,"BN349","AU.94355","P30","M",2017,"recruit","NL-NL","N",2,"NL","NL","Netherlands","breeding",-5.486968361,10.64617695,-6.71192891539886,40.3912927496848,-15.4653858552894,32.0764510436653,-4.22461345178243,38.1812277373381,114,128,145,212,237,244,461,478,479,496,514
"Drenthe",2018,"BN350","BC.17888","P30","M",2015,"recruit","NL-NL","N",4,"NL","NL","Netherlands","breeding",-6.378542969,11.51602859,-5.26037184106022,38.8423797617766,-14.5037484970253,27.4313615288034,-8.33285300191343,27.3346255841166,108.5,126,144,213,239,244,469,NA,473.5,NA,NA
"Drenthe",2018,"BN351","AU.94795","P30","M",2017,"recruit","NL-NL","N",2,"NL","NL","Netherlands","breeding",-7.284254524,9.543831521,-7.80759621920947,40.3405506790396,-14.6489055307001,33.8648415937956,3.59382241283635,46.9495296349216,103.5,128,145,211,227,242,451,468,468.5,481,500
"Drenthe",2018,"BN354","BB.19106","P30","M",2014,"recruit","NL-NL","N",5,"NL","NL","Netherlands","breeding",-5.776844008,11.26446373,-7.70213100584267,41.1601126063373,-14.8391404546265,21.5301463546884,NA,NA,106,127,144,213,230,241,459,NA,471,NA,NA
"Drenthe",2018,"BN355","BF.63439","P30","F",2016,"recruit","NL-NL","N",3,"NL","NL","Netherlands","breeding",-7.592270541,10.13458089,-7.77730802078193,39.7182269006066,-14.6348442847801,28.6552099552444,-2.38388590935717,34.1465113596985,114,124,142,209,227,235,451,473,479,483,506
"Drenthe",2018,"BN357","AU.94331","P30","F",2017,"recruit","NL-NL","N",2,"NL","NL","Netherlands","breeding",-8.603030475,8.128546581,-7.83664529980574,42.6216475758128,-15.2872690754805,26.0765198041244,12.883245401455,42.321258523191,115,124,141,205,223,230,458,476,480,487,505
"Drenthe",2018,"BN774","BB.97143","P30","M",2016,"recruit","NL-NL","N",3,"NL","NL","Netherlands","breeding",-7.792573215,11.97139355,-5.40281854004173,40.1671415730854,-13.4165518268604,22.1350577279849,-3.2948254481709,33.5702975012368,111,147,163,229,251,264,463,475,476,NA,NA
"Drenthe",2018,"BN778","BB.97099","P30","M",NA,"immigrant","NL-NL","N",NA,"NL","NL","Netherlands","breeding",-6.630762321,11.46002685,-8.35097685713059,41.6564897236611,-15.3562643129401,32.2107725067651,-3.40887719844818,34.5675064862684,113,156,148,230,243,253,461,476,478,NA,NA
"Drenthe",2018,"BN783","BF.63019","P30","F",2016,"recruit","NL-NL","N",3,"NL","NL","Netherlands","breeding",-6.672908877,8.499054189,-7.24301969190013,41.8293523559347,-14.7150427576791,19.5061605808627,NA,NA,116,123,140,213,231,241,459,NA,481,484,505
"Drenthe",2019,"BT863","BG.72906","P30","M",2017,"recruit","NL-NL","N",3,"NL","NL","Netherlands","breeding",-6.313162193,8.041251333,-7.22529953637441,39.0084242337592,-15.9161704794752,26.3494793167051,0.0783593666028866,33.9420768589152,110,123,142,230,246,256,452,463,475,481,501
"Drenthe",2019,"BT867","BF.62622","P30","M",2017,"recruit","NL-NL","N",3,"NL","NL","Netherlands","breeding",-8.169212052,6.897382834,-7.42666864554331,41.7065125597403,-14.4810159998862,22.9053189961578,-4.32107863553654,27.4736765956211,101,121,140,206,232,241,437,462,466,NA,NA
"Drenthe",2019,"BT872","AU.94097","P30","M",2017,"recruit","NL-NL","N",3,"NL","NL","Netherlands","breeding",-8.65007697,8.360606218,-8.21705040795396,42.1736030838359,-14.9662953083045,24.1858085221238,-9.15910243184842,30.4614534678748,112.5,123,141,217,245,253,460,473,477.5,NA,NA
"Drenthe",2019,"BT874","BE.45299","P30","M",2015,"recruit","NL-NL","N",5,"NL","NL","Netherlands","breeding",-7.980660552,13.58279805,-7.39059363590907,41.8720622766182,-15.8507441257996,27.4833889251881,6.04870320508953,21.6424461152851,107,121,142,204,228,233,451,463,472,485,503
"Drenthe",2019,"BT877","BF.63441","P30","F",2016,"recruit","NL-NL","N",4,"NL","NL","Netherlands","breeding",-6.794266417,12.0968521,-6.65883073620976,38.6863125905382,-14.5087929110408,25.7727095956303,-6.90482017393684,24.2264535306628,112,118,146,207,233,239,460,476,477,486,505
"Drenthe",2019,"BT878","BG.71158","P30","M",2017,"recruit","NL-NL","N",3,"NL","NL","Netherlands","breeding",-7.659592234,9.547194408,-6.19328971468761,39.6538695826157,-14.2887096392809,32.9781263482116,4.93893779158987,46.3828176604121,97,135,152,208,233,259,452,462,462,496,514
"Drenthe",2016,"Z824","BC.17019","P50","M",2014,"recruit","NL-NL","N",3,"NL","NL","Netherlands","breeding",-6.748576795,8.097583995,-7.04423274349875,42.2731040901217,-14.8695393416962,30.6368032903197,NA,NA,100,129,147,201,222,232,NA,NA,465,493,510
